"Part","Quantity","Value","Package"
"C1-C7, C13-C21, C25","17","100nF","C805"
"C8","1","3.3uF","SMC_A"
"C9, C10","2","27pF","C805"
"C11, C12, C22","3","4.7uF","SMC_A"
"IC1","1","FT2232H","LQFP64"
"IC3","1","LD1117-3.3","SOT223"
"IC4, IC5","2","SN74AVC4T245","TSSOP16"
"IC6, IC7, IC8","3","SN74LVC2T45DCTR","DCT_R_PDSO_G8"
"JTAG","1","02x10 shrouded header, male 0.1�","PAK100/2500-20"
"L1, L2","2","800mA+ ferrite bead","FB805"
"LED1, LED2","2","LED","CHIPLED_0805"
"R1","1","12K","R805"
"R2, R9","2","1K","R805"
"R3, R4, R5, R7","4","10K","R805"
"R6","1","2.2K","R805"
"R8","1","100k","R805"
"R10, R11","2","470R","R805"
"T1","1","NPN transistor, 100mA+","SOT23-BEC"
"USB","1","USB MINI B SMD","MINI-USBB"
"X1","1","12MHz crystal, small package from Albert","4X6"
